Sequence;Genotype;Position;Codon;Drug;Codon_Resistente_01;Codon_Resistente_02;Codon_Resistente_03;Codon_Resistente_04;Codon_Resistente_05;Codon_Resistente_06;Codon_Resistente_07;Codon_Resistente_08;Codon_Resistente_09;Codon_Resistente_10;Codon_Resistente_11;Codon_Resistente_12;gb_01;freq_01;codon_usage_01;gb_02;freq_02;codon_usage_02;gb_03;freq_03;codon_usage_03;gb_04;freq_04;codon_usage_04;gb_05;freq_05;codon_usage_05;gb_06;freq_06;codon_usage_06;gb_07;freq_07;codon_usage_07;gb_08;freq_08;codon_usage_08;gb_09;freq_09;codon_usage_09;gb_10;freq_10;codon_usage_10;gb_11;freq_11;codon_usage_11;gb_12;freq_12;codon_usage_12
MXYZPTLK;1b;24;CAG;-;-;-;-;-;-;-;-;-;-;-;-;-;-;0.0;0.0;-;0.0;0.0;-;0.0;0.0;-;0.0;0.0;-;0.0;0.0;-;0.0;0.0;-;0.0;0.0;-;0.0;0.0;-;0.0;0.0;-;0.0;0.0;-;0.0;0.0;-;0.0;0.0
MXYZPTLK;1b;28;CTG;DCV;ATG;-;-;-;-;-;-;-;-;-;-;-;2.5;0.016990291262135918;1.0;-;0.0;0.0;-;0.0;0.0;-;0.0;0.0;-;0.0;0.0;-;0.0;0.0;-;0.0;0.0;-;0.0;0.0;-;0.0;0.0;-;0.0;0.0;-;0.0;0.0;-;0.0;0.0
MXYZPTLK;1b;28;CTG;EBR;ATG;-;-;-;-;-;-;-;-;-;-;-;2.5;0.016990291262135918;1.0;-;0.0;0.0;-;0.0;0.0;-;0.0;0.0;-;0.0;0.0;-;0.0;0.0;-;0.0;0.0;-;0.0;0.0;-;0.0;0.0;-;0.0;0.0;-;0.0;0.0;-;0.0;0.0
MXYZPTLK;1b;28;CTG;LDV;ATG;-;-;-;-;-;-;-;-;-;-;-;2.5;0.016990291262135918;1.0;-;0.0;0.0;-;0.0;0.0;-;0.0;0.0;-;0.0;0.0;-;0.0;0.0;-;0.0;0.0;-;0.0;0.0;-;0.0;0.0;-;0.0;0.0;-;0.0;0.0;-;0.0;0.0
MXYZPTLK;1b;28;CTG;OMV;ATG;-;-;-;-;-;-;-;-;-;-;-;2.5;0.016990291262135918;1.0;-;0.0;0.0;-;0.0;0.0;-;0.0;0.0;-;0.0;0.0;-;0.0;0.0;-;0.0;0.0;-;0.0;0.0;-;0.0;0.0;-;0.0;0.0;-;0.0;0.0;-;0.0;0.0
MXYZPTLK;1b;29;CCA;-;-;-;-;-;-;-;-;-;-;-;-;-;-;0.0;0.0;-;0.0;0.0;-;0.0;0.0;-;0.0;0.0;-;0.0;0.0;-;0.0;0.0;-;0.0;0.0;-;0.0;0.0;-;0.0;0.0;-;0.0;0.0;-;0.0;0.0;-;0.0;0.0
MXYZPTLK;1b;30;CGG;DCV;CAA;CAG;-;-;-;-;-;-;-;-;-;-;2.0;0.0036407766990291268;0.41;1.0;0.03762135922330097;0.59;-;0.0;0.0;-;0.0;0.0;-;0.0;0.0;-;0.0;0.0;-;0.0;0.0;-;0.0;0.0;-;0.0;0.0;-;0.0;0.0;-;0.0;0.0;-;0.0;0.0
MXYZPTLK;1b;30;CGG;EBR;CAA;CAG;-;-;-;-;-;-;-;-;-;-;2.0;0.0036407766990291268;0.41;1.0;0.03762135922330097;0.59;-;0.0;0.0;-;0.0;0.0;-;0.0;0.0;-;0.0;0.0;-;0.0;0.0;-;0.0;0.0;-;0.0;0.0;-;0.0;0.0;-;0.0;0.0;-;0.0;0.0
MXYZPTLK;1b;30;CGG;LDV;CAA;CAG;-;-;-;-;-;-;-;-;-;-;2.0;0.0036407766990291268;0.41;1.0;0.03762135922330097;0.59;-;0.0;0.0;-;0.0;0.0;-;0.0;0.0;-;0.0;0.0;-;0.0;0.0;-;0.0;0.0;-;0.0;0.0;-;0.0;0.0;-;0.0;0.0;-;0.0;0.0
MXYZPTLK;1b;30;CGG;OMV;CAA;CAG;-;-;-;-;-;-;-;-;-;-;2.0;0.0036407766990291268;0.41;1.0;0.03762135922330097;0.59;-;0.0;0.0;-;0.0;0.0;-;0.0;0.0;-;0.0;0.0;-;0.0;0.0;-;0.0;0.0;-;0.0;0.0;-;0.0;0.0;-;0.0;0.0;-;0.0;0.0
MXYZPTLK;1b;31;TTG;DCV;ATG;TTC;TTT;GTA;GTC;GTG;GTT;-;-;-;-;-;2.5;0.033980582524271837;1.0;2.5;0.0;0.64;2.5;0.0;0.36;3.5;0.0;0.1;5.0;0.0;0.34;2.5;0.0;0.41;5.0;0.0;0.15;-;0.0;0.0;-;0.0;0.0;-;0.0;0.0;-;0.0;0.0;-;0.0;0.0
MXYZPTLK;1b;31;TTG;PIB;ATG;-;-;-;-;-;-;-;-;-;-;-;2.5;0.033980582524271837;1.0;-;0.0;0.0;-;0.0;0.0;-;0.0;0.0;-;0.0;0.0;-;0.0;0.0;-;0.0;0.0;-;0.0;0.0;-;0.0;0.0;-;0.0;0.0;-;0.0;0.0;-;0.0;0.0
MXYZPTLK;1b;31;TTG;EBR;GTA;GTC;GTG;GTT;TTC;TTT;ATG;-;-;-;-;-;3.5;0.0;0.1;5.0;0.0;0.34;2.5;0.0;0.41;5.0;0.0;0.15;2.5;0.0;0.64;2.5;0.0;0.36;2.5;0.033980582524271837;1.0;-;0.0;0.0;-;0.0;0.0;-;0.0;0.0;-;0.0;0.0;-;0.0;0.0
MXYZPTLK;1b;31;TTG;LDV;GTA;GTC;GTG;GTT;TTC;TTT;ATG;-;-;-;-;-;3.5;0.0;0.1;5.0;0.0;0.34;2.5;0.0;0.41;5.0;0.0;0.15;2.5;0.0;0.64;2.5;0.0;0.36;2.5;0.033980582524271837;1.0;-;0.0;0.0;-;0.0;0.0;-;0.0;0.0;-;0.0;0.0;-;0.0;0.0
MXYZPTLK;1b;31;TTG;OMV;GTA;GTC;GTG;GTT;TTC;TTT;ATG;-;-;-;-;-;3.5;0.0;0.1;5.0;0.0;0.34;2.5;0.0;0.41;5.0;0.0;0.15;2.5;0.0;0.64;2.5;0.0;0.36;2.5;0.033980582524271837;1.0;-;0.0;0.0;-;0.0;0.0;-;0.0;0.0;-;0.0;0.0;-;0.0;0.0
MXYZPTLK;1b;31;TTG;VEL;GTA;GTC;GTG;GTT;ATG;-;-;-;-;-;-;-;3.5;0.0;0.1;5.0;0.0;0.34;2.5;0.0;0.41;5.0;0.0;0.15;2.5;0.033980582524271837;1.0;-;0.0;0.0;-;0.0;0.0;-;0.0;0.0;-;0.0;0.0;-;0.0;0.0;-;0.0;0.0;-;0.0;0.0
MXYZPTLK;1b;32;CCG;-;-;-;-;-;-;-;-;-;-;-;-;-;-;0.0;0.0;-;0.0;0.0;-;0.0;0.0;-;0.0;0.0;-;0.0;0.0;-;0.0;0.0;-;0.0;0.0;-;0.0;0.0;-;0.0;0.0;-;0.0;0.0;-;0.0;0.0;-;0.0;0.0
MXYZPTLK;1b;54;CAC;-;-;-;-;-;-;-;-;-;-;-;-;-;-;0.0;0.0;-;0.0;0.0;-;0.0;0.0;-;0.0;0.0;-;0.0;0.0;-;0.0;0.0;-;0.0;0.0;-;0.0;0.0;-;0.0;0.0;-;0.0;0.0;-;0.0;0.0;-;0.0;0.0
MXYZPTLK;1b;58;CCA;DCV;AGC;AGT;TCA;TCC;TCG;TCT;CTA;CTC;CTG;CTT;TTA;TTG;7.5;0.0;0.23;7.5;0.0;0.07;1.0;0.031553398058252434;0.13;3.5;0.0;0.33;2.0;0.0;0.12;3.5;0.0012135922330097086;0.13;1.0;0.006067961165048544;0.07;3.5;0.0;0.29;2.0;0.0012135922330097086;0.32;3.5;0.0;0.17;2.0;0.0012135922330097086;0.03;3.0;0.0;0.12
MXYZPTLK;1b;92;GCG;LDV;ACA;ACC;ACG;ACT;-;-;-;-;-;-;-;-;2.0;0.0048543689320388345;0.15;3.5;0.0;0.41;1.0;0.008495145631067959;0.23;3.5;0.0;0.2;-;0.0;0.0;-;0.0;0.0;-;0.0;0.0;-;0.0;0.0;-;0.0;0.0;-;0.0;0.0;-;0.0;0.0;-;0.0;0.0
MXYZPTLK;1b;93;TAC;DCV;CAC;CAT;-;-;-;-;-;-;-;-;-;-;1.0;0.03762135922330097;0.57;2.0;0.0;0.43;-;0.0;0.0;-;0.0;0.0;-;0.0;0.0;-;0.0;0.0;-;0.0;0.0;-;0.0;0.0;-;0.0;0.0;-;0.0;0.0;-;0.0;0.0;-;0.0;0.0
MXYZPTLK;1b;93;TAC;EBR;CAC;CAT;-;-;-;-;-;-;-;-;-;-;1.0;0.03762135922330097;0.57;2.0;0.0;0.43;-;0.0;0.0;-;0.0;0.0;-;0.0;0.0;-;0.0;0.0;-;0.0;0.0;-;0.0;0.0;-;0.0;0.0;-;0.0;0.0;-;0.0;0.0;-;0.0;0.0
MXYZPTLK;1b;93;TAC;LDV;CAC;CAT;-;-;-;-;-;-;-;-;-;-;1.0;0.03762135922330097;0.57;2.0;0.0;0.43;-;0.0;0.0;-;0.0;0.0;-;0.0;0.0;-;0.0;0.0;-;0.0;0.0;-;0.0;0.0;-;0.0;0.0;-;0.0;0.0;-;0.0;0.0;-;0.0;0.0
MXYZPTLK;1b;93;TAC;OMV;CAC;CAT;-;-;-;-;-;-;-;-;-;-;1.0;0.03762135922330097;0.57;2.0;0.0;0.43;-;0.0;0.0;-;0.0;0.0;-;0.0;0.0;-;0.0;0.0;-;0.0;0.0;-;0.0;0.0;-;0.0;0.0;-;0.0;0.0;-;0.0;0.0;-;0.0;0.0
MXYZPTLK;1b;93;TAC;PIB;CAC;CAT;-;-;-;-;-;-;-;-;-;-;1.0;0.03762135922330097;0.57;2.0;0.0;0.43;-;0.0;0.0;-;0.0;0.0;-;0.0;0.0;-;0.0;0.0;-;0.0;0.0;-;0.0;0.0;-;0.0;0.0;-;0.0;0.0;-;0.0;0.0;-;0.0;0.0
MXYZPTLK;1b;93;TAC;VEL;CAC;CAT;-;-;-;-;-;-;-;-;-;-;1.0;0.03762135922330097;0.57;2.0;0.0;0.43;-;0.0;0.0;-;0.0;0.0;-;0.0;0.0;-;0.0;0.0;-;0.0;0.0;-;0.0;0.0;-;0.0;0.0;-;0.0;0.0;-;0.0;0.0;-;0.0;0.0
