Genotype;Position;Drug;Codons
1a;24;DCV;AGA,AGG,CGA,CGC,CGG,CGT
1a;24;LDV;AGA,AGG,CGA,CGC,CGG,CGT
1a;28;DCV;GTA,GTC,GTG,GTT
1a;28;OMV;GTA,GTC,GTG,GTT
1a;28;PIB;GTA,GTC,GTG,GTT
1a;30;EBR;CAC,CAT,AGA,AGG,CGA,CGC,CGG,CGT
1a;30;DCV;AGA,AGG,CGA,CGC,CGG,CGT,CAC,CAT
1a;30;LDV;AGA,AGG,CGA,CGC,CGG,CGT,CAC,CAT
1a;30;OMV;AGA,AGG,CGA,CGC,CGG,CGT,CAC,CAT
1a;30;PIB;AGA,AGG,CGA,CGC,CGG,CGT
1a;30;VEL;AGA,AGG,CGA,CGC,CGG,CGT,CAC,CAT
1a;31;DCV;ATG
1a;31;EBR;ATG
1a;31;LDV;ATG
1a;31;OMV;ATG
1a;31;PIB;ATG
1a;31;VEL;ATG
1a;58;DCV;CCA,CCC,CCG,CCT
1a;93;DCV;CAC,CAT
1a;93;EBR;CAC,CAT
1a;93;LDV;CAC,CAT
1a;93;OMV;CAC,CAT
1a;93;PIB;CAC,CAT
1a;93;VEL;CAC,CAT
1b;28;DCV;ATG
1b;28;EBR;ATG
1b;28;LDV;ATG
1b;28;OMV;ATG
1b;30;DCV;CAA,CAG
1b;30;EBR;CAA,CAG
1b;30;LDV;CAA,CAG
1b;30;OMV;CAA,CAG
1b;31;DCV;ATG,TTC,TTT,GTA,GTC,GTG,GTT
1b;31;PIB;ATG
1b;31;EBR;GTA,GTC,GTG,GTT,TTC,TTT,ATG
1b;31;LDV;GTA,GTC,GTG,GTT,TTC,TTT,ATG
1b;31;OMV;GTA,GTC,GTG,GTT,TTC,TTT,ATG
1b;31;VEL;GTA,GTC,GTG,GTT,ATG
1b;58;DCV;AGC,AGT,TCA,TCC,TCG,TCT,CTA,CTC,CTG,CTT,TTA,TTG
1b;92;LDV;ACA,ACC,ACG,ACT
1b;93;DCV;CAC,CAT
1b;93;EBR;CAC,CAT
1b;93;LDV;CAC,CAT
1b;93;OMV;CAC,CAT
1b;93;PIB;CAC,CAT
1b;93;VEL;CAC,CAT
3;30;LDV;CTA,CTC,CTG,CTT,TTA,TTG,AAA,AAG
3;30;DCV;AAA,AAG
3;30;VEL;AAA,AAG
3;31;DCV;ATG
3;31;EBR;ATG
3;31;LDV;ATG
3;31;OMV;ATG
3;31;PIB;ATG
3;31;VEL;ATG
3;58;DCV;AGC,AGT,TCA,TCC,TCG,TCT
3;93;DCV;CAC,CAT
3;93;EBR;CAC,CAT
3;93;LDV;CAC,CAT
3;93;OMV;CAC,CAT
3;93;PIB;CAC,CAT
3;93;VEL;CAC,CAT
