Sequence;Genotype;Position;Codon;Drug;Codon_Resistente_01;Codon_Resistente_02;Codon_Resistente_03;Codon_Resistente_04;Codon_Resistente_05;Codon_Resistente_06;Codon_Resistente_07;Codon_Resistente_08;Codon_Resistente_09;Codon_Resistente_10;Codon_Resistente_11;Codon_Resistente_12
MXYZPTLK;1b;24;CAG;;;;;;;;;;;;;
MXYZPTLK;1b;28;CTG;DCV;ATG;;;;;;;;;;;
MXYZPTLK;1b;28;CTG;EBR;ATG;;;;;;;;;;;
MXYZPTLK;1b;28;CTG;LDV;ATG;;;;;;;;;;;
MXYZPTLK;1b;28;CTG;OMV;ATG;;;;;;;;;;;
MXYZPTLK;1b;30;CGG;DCV;CAA;CAG;;;;;;;;;;
MXYZPTLK;1b;30;CGG;EBR;CAA;CAG;;;;;;;;;;
MXYZPTLK;1b;30;CGG;LDV;CAA;CAG;;;;;;;;;;
MXYZPTLK;1b;30;CGG;OMV;CAA;CAG;;;;;;;;;;
MXYZPTLK;1b;31;TTG;DCV;ATG;TTC;TTT;GTA;GTC;GTG;GTT;;;;;
MXYZPTLK;1b;31;TTG;PIB;ATG;;;;;;;;;;;
MXYZPTLK;1b;31;TTG;EBR;GTA;GTC;GTG;GTT;TTC;TTT;ATG;;;;;
MXYZPTLK;1b;31;TTG;LDV;GTA;GTC;GTG;GTT;TTC;TTT;ATG;;;;;
MXYZPTLK;1b;31;TTG;OMV;GTA;GTC;GTG;GTT;TTC;TTT;ATG;;;;;
MXYZPTLK;1b;31;TTG;VEL;GTA;GTC;GTG;GTT;ATG;;;;;;;
MXYZPTLK;1b;32;CCG;;;;;;;;;;;;;
MXYZPTLK;1b;54;CAC;;;;;;;;;;;;;
MXYZPTLK;1b;58;CCA;DCV;AGC;AGT;TCA;TCC;TCG;TCT;CTA;CTC;CTG;CTT;TTA;TTG
MXYZPTLK;1b;92;GCG;LDV;ACA;ACC;ACG;ACT;;;;;;;;
MXYZPTLK;1b;93;TAC;DCV;CAC;CAT;;;;;;;;;;
MXYZPTLK;1b;93;TAC;EBR;CAC;CAT;;;;;;;;;;
MXYZPTLK;1b;93;TAC;LDV;CAC;CAT;;;;;;;;;;
MXYZPTLK;1b;93;TAC;OMV;CAC;CAT;;;;;;;;;;
MXYZPTLK;1b;93;TAC;PIB;CAC;CAT;;;;;;;;;;
MXYZPTLK;1b;93;TAC;VEL;CAC;CAT;;;;;;;;;;
